{"paths":{},"types":[],"uuids":["03VlPB9bxEIrSllCiC4w/j","05/pu/nDxJMZPvGP/LwXIs","060GhflFxARJT9H7vA9WGd","07/Lz3cQhDIIVtcquLlgyZ","09TgKXn2pMeZBsGK/ewJpO","0byYgDr91DzpWYpmYqxaWs","0dSy/O3HhMx5+RF7F+qCjl","0euNPmX0JMz7HmHG9r3l+p","0fJP06obFLwIwPyXiJh4Kk","17CFzL9txAGqqCSWLxLxD+","2eVP5hmWhJ+r4eKK5L9aMw","2fHJF+37JOR4Ff+oago0NK","2fYMR/JtlFlq15UwRzuDJQ","30KwkmWHNAzKGHzxaVUNvC","33qxp2WwNPQK7PzpksxB/2","34F7kjRgpEzaLknjVXxS7i","343QG+kdNPKYkdQQbVLMRp","37EkoR9DxE3qkvuEL2R0gM","499SpIEddO9oJUkD6pVXPo","4dVGsp2JdM8KtnSH3HAxOT","50zB3epCZGu4gYk9KaDXDm","541pX8GI1HC76Hz204hteY","5dX2hAVZdHEbT0yPTkAdPI","5eiSLVFzZI5aQiDhChqZn2","5fjKxMprRMvJFQauBZaOIk","61G+z0ZeBEX40tWzdkD6Zl","67aNvGL8FBhoU3zWb62s2L","69Xd94HaREqYUSozUzotoB","69cZ02nmdMhriR/9frS+tq","6bdi/y0HFFpa+56niQFzJ0","6c3D8K6plPBpYF6oJSBLMd","6eusuQ7x1FU7eq+GR20WDJ","70W5qJMsZCep4HuAv8hJ8C","712oTKWutIz4eD91x11O0o","73gbbxDl9KIYDFLWZzSof+","75027US9RPEoImlvNiI3NJ","7a1BKcB5NP1Ife6V3ZAmP0","7b0aVgie5Bi5u3TkKPsHMl","7b4VxXRHtEUa3lyKU4p+0q","7d8xsY50pB9Kr5MYA56+Hi","7d82hkG6pFOKfZIBjEFVU9","7eJv6GTYNM5KRr/bs6ZJpT","7eSHZhGS1NN5YlavVn6iey","88wauHYohLfoBWZU7ZX5Zm","8axhsX4JpA+6mGns4vkK+M","8fqdMKI0tKqLmUyStUmFx5","93JS9PnDlLx4Pp1EJOQZJD","95185X5NtJSaVyIPeZ4pQo","96oUiNI5VINrIXDiU+0y9c","a0nLOHU1NMEqPvUAyUCxBK","a2dD0WzohDXLvk2Hudpta+","ab5EGXcSVAVpBH3h96PbxN","ae0NVLBphPzIiMFGq1yRRj","b0Gp6mfkRBH7oTCgbGXgzp","b2+Q2MsKNCsJ+0DEIAC02S","b4jDsRnNNI+b350D0aE0Am","b7Yxvuje1NZqVnAuehHizv","ba1fYZqytPBY8M1HQr3mXR","bcOmNpt9NLfpi3D4b94Z9F","beMKNQIvpG7acdHghRaxJY","c0W86s7WVC97pGjId+Snzw","c0xLIbI/tNTK/mfExvYo5N","c4M9B/eLtO45yenmwT6a/g","c4+vAEc35CVo7XarBliQwV","c63ZU+LvpCm6K/RwxQ86so","ca0T36ivdAfqJbBs1KIRzU","ca2kUoInRGn6luvcIqh/LP","d0ssB3VnRB/os+3sJY1UC5","d2YLX06WFJiYTI7sosbsFK","d2hBo+jUlKRoj5S2XhXlBH","d8lkIqYQpDwYiO65vaWtFd","d9JUovSdtJToKSQolcRu/Z","e2RlDY6KVBgJKrkfl504Jl","e2/kohcYRBE7ia0lQ/kOgr","e3soeOIadKIIvMa6Kb8W6G","e56ICZQgxPlZ/To4xMO93r","e7VqbkV9xBNaLjePbCAkR4","e8FgiZifFPy6I2k4STamfL","e9at93yBFMo6vxA5VYLsVH","eaKd3PVzJPBqTCyDi/OMEF","ebRKePbOdIwoc78hVcLLKE","f58Acg4vJLfKPMM1y0jYvr","f982L0LfRMjJYro3oeQVIK","fbJARUnVdApqk4oLKK6Wpi","fcGM3AUaNKj5I4NYlWq8pq","fdd9KDhW5Cnq/sqPlmRKSH","02delMVqdBD70a/HSD99FK","06SupUSqJPVIb+YKk04XKQ","085STXdpREx4hnYoXDYBzz","0b//OhblNCj4tT1tg+Zfoj","0fxW6pC5ROLKq2ojTsXsxk","0f7JFHeWJOx7Cd/IQjGbdh","1056sCvLNGAZpuqxecC8Wt","12dmZp4glDMokheQH+jCp3","12gaIGGxVPr5mHmRvt9VBY","155M4ib69EvqXyVdBXyc3/","188rOdCnpEaITlxrLVHoTN","1azZtBBe5PkZz5OAFFoIXv","1c++IhZ7tFSZ17z8d+R0j1","20YwNqB3FAeZsyLerG4zdK","20eGhKPf1HT412IfmrsKrp","20jxuRsRRE4JefT7lmMdsV","21hKknzaROjY8bsPN4VCqU","21vHr/tNVC96I75VFT6hh9","21/FeWEqtHdrNh1z/Pk698","22+aZ5PhpMrpFvvQ8qsD9p","26m9k4h9FLJ4qegEN3xqzh","27FU6fkopNP6MzToPUzlzu","28LUugsXxBT7UYTTSVTuG8","30Xa8mpThO05HtVuJAj8PJ","3afi9XTb5NFJ7oref2spaX","3c2dH+50FGm5aU3bSsnHu0","3dD3Z7NXpGvqDrwnoz94fW","3dE11dKBtKVLJhoN1gc0+r","44gCGpPLxLXqxdMtcgOu/c","452eToZnRG9JZb+PrlCMV6","483EbwqflNNLFypFi329Bb","483p/KWMNFTIfrPcZMA3BV","49xpYTeFZPYogpIW2+xUuX","4bafzgfOFK87HdgQznu+SR","4cpflf7CVDKqJiQ+OIrPZb","50Bx3oFuFFSLK6YU3KAtzW","50iT4ir7xJQKXTPWux3uc5","54OGD3yxdH7aS0J1La+BKZ","57teCIipdMb4NqPHbycZ1t","58gqI9brJHwZxua+mXOkyH","5857LuSSZPOJ7qyRknFGtM","62h7gD2MFHHaPzmNYUQLMD","64aNPTukVINrUgTw7ryC+F","64/mrjhzxF8rOWDN5QM3Dw","6cH0GkTL1I64FfsCyMwT4p","6dyttc3GZHnaoLr9iZZNlg","6fkK8mmMJKn5bUnopCZcsQ","72fi3JMo9FnaH8uUhK3XxS","75Qt8EaeJGwLClSmJMYE5r","76sCZanyhEc6bKWQnU/tyY","79Qoqfi2RBnameaZTNc/Au","79rpIJG79M+oFaDo1EWy+b","7aIss4rMpMMKzNAVFwCktI","7a/QZLET9IDreTiBfRn2PD","7d/jg72NFE5rjhhLZ220RM","80229z9oRAb6jsDVSM/XtZ","83xiW9wadAZp3e5bpzslZ2","84hBIRLfZEIaPF7fQeX0Kq","89rtc7PNVBsLxChrbsaKw5","8a9ETDeUpI+JNr6u1U+Ulp","8d0QFmf4JMbZTQQtWWKu+L","93XYAz4cdJw4wupZCqRS+e","9cQf1NC15CAIX6+9ycCI77","9dNoXWub1CNqYmpsdjv4ob","a0P0/VNvRIFYXhXwIbD/NE","a11kmMgWhBj64MvGYtyXfV","a2MjXRFdtLlYQ5ouAFv/+R","a692wVhhBEr7K3Kk118KpW","a8O4d3nnZFppdAlTT9JoQj","a8ZWzbfklJs6qcRDbeQ+9G","b2dyDC/RZKAow38lXQCO5s","b58HGvibdDTqadCEChIMe3","bdDqvNNb9OSay0GkRHjuaR","c81rVEo+ZELIK5sLhURWYQ","d1hi86gjlNPJCtXo62/tjZ","d8GBXUp25L8Lsih3d0K99m","d8QvTX0ndP1LWNbh807rMe","d8bV2evBVMsbsu8UlTIA4l","e0T/ME+l1NQp1LbPnNHTZd","e2m7XxWXZJI6XaCGIGzz6C","e24nG+eOVJgZunJtsM/9hp","e4ozIy7nhGWJvS/+uGrx9G","e7Yio24p1FYKtfAb/ok3uE","e74pO3VgBLCZ3THp0e0taM","e9LIQY48pEta1M1yhXaHRx","e99as8nWFKGoqcft1lNqj7","eaMnilRIFDObNd+kei1sBW","ebE1GaSWpAKqIfBdlhmCbp","ecpdLyjvZBwrvm+cedCcQy","f4HUmtqSlFIqmmPn8J/11R","f5GYdZ09hEV5jmK4q+dx5l","f7FzOcCU1HY7SNvwP8JxQJ","fc5mMUBWxCwruvnNBPbIlT","fdT4+Ag6NG8ayMIb4HCHZT","feK8rsIPNCX7Sozfw7Zar9","feQlCNtCxKO5oYRlmmAcKH","ffotIsWX1FWbViepTyzQpR"],"scenes":{"db://assets/stage.fire":28},"redirect":[86,0,139,0,174,0],"deps":["internal"],"packs":{"04b00f6c9":[0,2,3,4,5,6,7,8,9,10,11,13,14,15,16,18,19,20,21,22,23,24,27,29,30,31,32,33,34,35,36,37,38,39,40,41,44,45,46,47,48,49,50,51,52,53,54,55,56,57,58,59,60,61,62,63,64,65,66,67,68,69,70,71,72,73,74,75,76,77,79,80,81,82,83,84,85],"077528a12":[1,87,88,89,90,91,92,93,94,95,96,97,98,99,100,101,102,103,104,105,106,107,108,12,109,17,110,111,112,113,114,115,116,117,118,119,120,121,122,123,124,125,126,25,127,128,129,26,28,130,131,132,133,134,135,136,137,138,140,42,141,142,143,43,144,145,146,147,148,149,150,151,152,153,154,155,156,157,158,159,160,161,162,163,164,165,166,167,168,169,170,78,171,172,173,175,176,177,178,179,180,181,182]},"name":"main","importBase":"import","nativeBase":"native","debug":false,"isZip":false,"encrypted":false,"versions":{"import":["04b00f6c9","d7d2c","077528a12","6843f"],"native":[0,"42358",1,"823d3",2,"7a9af",3,"0b397",4,"054fc",5,"d1e96",6,"5c810",7,"2fe52",8,"313e3",9,"a1f6a",10,"db461",11,"afafc",12,"8405f",13,"bacc8",14,"4a917",15,"7b0bc",16,"51496",17,"276d9",18,"94695",19,"97f48",20,"45ff3",21,"47475",22,"95f21",23,"0132d",24,"4391d",25,"0812e",26,"3f0ab",27,"d2259",29,"a83e1",30,"e1d51",31,"fb4b3",32,"6eb3f",33,"4bda1",34,"517ef",35,"62bb1",36,"3defd",37,"1b5ae",38,"a5218",39,"dfa22",40,"408a6",41,"0b40f",42,"f93a1",43,"60926",44,"b20b8",45,"15cf8",46,"09bc4",47,"39fe2",48,"acdb6",49,"7641f",50,"d3ba7",51,"df1a9",52,"ecbe8",53,"59774",54,"bf42c",55,"6dae7",56,"8eb33",57,"99ea7",58,"ffe81",59,"9ba41",60,"76213",61,"6c128",62,"c06d0",63,"44000",64,"08f49",65,"055ce",66,"8d69e",67,"c020e",68,"df2fa",69,"ac7c8",70,"bc644",71,"64718",72,"237b5",73,"3cf1c",74,"0e69f",75,"53cd3",76,"b38db",77,"22376",78,"28d6d",79,"13c17",80,"d4b73",81,"93778",82,"0cbe2",83,"6fbe5",84,"4a63d",85,"eecb0"]}}