{"paths":{},"types":[],"uuids":["05/pu/nDxJMZPvGP/LwXIs","12f064130","15cdf5f91","1f1031b7e","2fYMR/JtlFlq15UwRzuDJQ","37EkoR9DxE3qkvuEL2R0gM","61G+z0ZeBEX40tWzdkD6Zl","67aNvGL8FBhoU3zWb62s2L","69cZ02nmdMhriR/9frS+tq","73gbbxDl9KIYDFLWZzSof+","7eSHZhGS1NN5YlavVn6iey","88wauHYohLfoBWZU7ZX5Zm","93JS9PnDlLx4Pp1EJOQZJD","c0W86s7WVC97pGjId+Snzw","e2/kohcYRBE7ia0lQ/kOgr","e9at93yBFMo6vxA5VYLsVH","eaKd3PVzJPBqTCyDi/OMEF","f58Acg4vJLfKPMM1y0jYvr","fdd9KDhW5Cnq/sqPlmRKSH","02delMVqdBD70a/HSD99FK","06SupUSqJPVIb+YKk04XKQ","085STXdpREx4hnYoXDYBzz","0b//OhblNCj4tT1tg+Zfoj","0fxW6pC5ROLKq2ojTsXsxk","0f7JFHeWJOx7Cd/IQjGbdh","1056sCvLNGAZpuqxecC8Wt","12dmZp4glDMokheQH+jCp3","12gaIGGxVPr5mHmRvt9VBY","155M4ib69EvqXyVdBXyc3/","188rOdCnpEaITlxrLVHoTN","1azZtBBe5PkZz5OAFFoIXv","1c++IhZ7tFSZ17z8d+R0j1","20YwNqB3FAeZsyLerG4zdK","20eGhKPf1HT412IfmrsKrp","20jxuRsRRE4JefT7lmMdsV","21hKknzaROjY8bsPN4VCqU","21vHr/tNVC96I75VFT6hh9","21/FeWEqtHdrNh1z/Pk698","22+aZ5PhpMrpFvvQ8qsD9p","26m9k4h9FLJ4qegEN3xqzh","27FU6fkopNP6MzToPUzlzu","28LUugsXxBT7UYTTSVTuG8","30Xa8mpThO05HtVuJAj8PJ","34zs6XSPlMA4DdECs7O2ya","3aXbuDct9PUIF7611DPwmr","3afi9XTb5NFJ7oref2spaX","3c2dH+50FGm5aU3bSsnHu0","3dD3Z7NXpGvqDrwnoz94fW","3dE11dKBtKVLJhoN1gc0+r","44gCGpPLxLXqxdMtcgOu/c","452eToZnRG9JZb+PrlCMV6","483EbwqflNNLFypFi329Bb","483p/KWMNFTIfrPcZMA3BV","49xpYTeFZPYogpIW2+xUuX","4bafzgfOFK87HdgQznu+SR","4cpflf7CVDKqJiQ+OIrPZb","50Bx3oFuFFSLK6YU3KAtzW","50iT4ir7xJQKXTPWux3uc5","54OGD3yxdH7aS0J1La+BKZ","57teCIipdMb4NqPHbycZ1t","58gqI9brJHwZxua+mXOkyH","5857LuSSZPOJ7qyRknFGtM","62h7gD2MFHHaPzmNYUQLMD","64aNPTukVINrUgTw7ryC+F","64/mrjhzxF8rOWDN5QM3Dw","6cH0GkTL1I64FfsCyMwT4p","6dyttc3GZHnaoLr9iZZNlg","6fkK8mmMJKn5bUnopCZcsQ","72fi3JMo9FnaH8uUhK3XxS","75Qt8EaeJGwLClSmJMYE5r","76sCZanyhEc6bKWQnU/tyY","79Qoqfi2RBnameaZTNc/Au","79rpIJG79M+oFaDo1EWy+b","7aIss4rMpMMKzNAVFwCktI","7a/QZLET9IDreTiBfRn2PD","7d/jg72NFE5rjhhLZ220RM","80229z9oRAb6jsDVSM/XtZ","83xiW9wadAZp3e5bpzslZ2","84hBIRLfZEIaPF7fQeX0Kq","85oNz2IR5I6LA0CyPs2TmL","89rtc7PNVBsLxChrbsaKw5","8a9ETDeUpI+JNr6u1U+Ulp","8d0QFmf4JMbZTQQtWWKu+L","8evsXJwBNIybXCpquJQsR5","93XYAz4cdJw4wupZCqRS+e","9cQf1NC15CAIX6+9ycCI77","9dNoXWub1CNqYmpsdjv4ob","a0P0/VNvRIFYXhXwIbD/NE","a11kmMgWhBj64MvGYtyXfV","a2MjXRFdtLlYQ5ouAFv/+R","a692wVhhBEr7K3Kk118KpW","a8O4d3nnZFppdAlTT9JoQj","a8ZWzbfklJs6qcRDbeQ+9G","b2dyDC/RZKAow38lXQCO5s","b58HGvibdDTqadCEChIMe3","bdDqvNNb9OSay0GkRHjuaR","c7R9U0sjhGXYodmnBlQnGO","c81rVEo+ZELIK5sLhURWYQ","d1hi86gjlNPJCtXo62/tjZ","d8GBXUp25L8Lsih3d0K99m","d8QvTX0ndP1LWNbh807rMe","d8bV2evBVMsbsu8UlTIA4l","e0T/ME+l1NQp1LbPnNHTZd","e2m7XxWXZJI6XaCGIGzz6C","e24nG+eOVJgZunJtsM/9hp","e4ozIy7nhGWJvS/+uGrx9G","e7Yio24p1FYKtfAb/ok3uE","e74pO3VgBLCZ3THp0e0taM","e9LIQY48pEta1M1yhXaHRx","e99as8nWFKGoqcft1lNqj7","e9+C+fPZRKTIUKTxYZKInn","eaMnilRIFDObNd+kei1sBW","ebE1GaSWpAKqIfBdlhmCbp","ecpdLyjvZBwrvm+cedCcQy","f4HUmtqSlFIqmmPn8J/11R","f5GYdZ09hEV5jmK4q+dx5l","f7FzOcCU1HY7SNvwP8JxQJ","fc5mMUBWxCwruvnNBPbIlT","fdT4+Ag6NG8ayMIb4HCHZT","feK8rsIPNCX7Sozfw7Zar9","feQlCNtCxKO5oYRlmmAcKH","ffotIsWX1FWbViepTyzQpR"],"scenes":{"db://assets/stage.fire":8},"redirect":[19,0,74,0,113,0],"deps":["internal"],"packs":{"09e78335d":[0,20,21,22,23,24,25,26,27,1,2,28,29,30,31,3,32,33,34,35,36,37,38,39,40,41,4,42,43,5,44,45,46,47,48,49,50,51,52,53,54,55,56,57,58,59,60,61,6,62,63,64,7,8,65,66,67,68,9,69,70,71,72,73,75,10,76,77,78,79,11,80,81,82,83,12,84,85,86,87,88,89,90,91,92,93,94,95,13,96,97,98,99,100,101,102,103,104,14,105,106,107,108,15,109,110,16,111,112,114,115,17,116,117,118,18,119,120,121]},"name":"main","importBase":"import","nativeBase":"native","debug":false,"isZip":false,"encrypted":false,"versions":{"import":["09e78335d","ee1b7"],"native":[0,"823d3",1,"22e47",2,"ca035",3,"5a211",4,"8405f",5,"276d9",6,"0812e",7,"3f0ab",9,"517ef",10,"f93a1",11,"60926",12,"09bc4",13,"76213",14,"3cf1c",15,"28d6d",16,"13c17",17,"93778",18,"eecb0"]}}